id;name;description;active;price
1;programming backing up;black;true;28895
2;Director;bypass;false;20279
3;Buckinghamshire;Direct Maine Philippines;true;4977
4;Personal Loan Account Steel;projection dynamic Switchable;false;99094
5;Intelligent;Small Cotton Chips applications enable;false;38846
6;Kansas white;Handmade Cotton Cheese Generic Plastic Hat;false;59536
7;orchid Director;Incredible matrix;false;40284
8;driver Cedi;Cotton Berkshire Corporate;true;80027
9;Nepalese Rupee cross-platform;Mouse Mali;true;46277
10;fresh-thinking;Strategist Generic Rubber Hat Maryland;true;62204
